Gene	baseMean	log2FoldChange	lfcSE	stat	pvalue	padj
LDHA	39855.14154104788	-0.7895949046671309	0.2211511276868899	-3.5703860655192083	0.000356455474585227	0.016166304170894708
SLC7A5	18826.56582295484	1.2964313830912078	0.27566650510354673	4.702897737264954	2.564949049347482e-06	0.00029453255360273106
EIF1	17308.20040229234	0.7477449296029328	0.23186636793366072	3.2248960307036425	0.0012601842510539666	0.04164008818125464
SCD	14086.027514397647	2.2847523649608097	0.21754674075529074	10.50235161891408	8.425457047711821e-26	2.728331501190042e-22
SHMT2	10792.95409902533	1.2094267889601071	0.2685836517065341	4.502979914360456	6.700721886697968e-06	0.0006615328540702854
SLC3A2	10749.3520055891	1.432801449282753	0.27587058466122827	5.193744925876193	2.0610548139636979e-07	3.560074537067658e-05
THBS1	9536.598994650834	0.9720935022221207	0.26296293176934477	3.6966940385148366	0.00021842532404002854	0.011174842934782492
ATF4	9554.88566992916	0.7313877061943094	0.22173196779040616	3.298521694831388	0.0009719536910418283	0.033988989658009165
DUSP5	8829.23457853844	0.7272691228555451	0.22321939238007504	3.2580911322311374	0.001121643796566866	0.0378344473129461
SARS1	8592.966990184666	1.332362623121526	0.22458282412599118	5.9326114020815295	2.981539529548181e-09	9.283482023637423e-07
CAV1	8360.888946129775	0.9004457648127479	0.2784829043294913	3.2333969188549245	0.0012232747322112698	0.04092157270502617
RTN4	8383.985940911718	1.1286341417190437	0.23761299525452456	4.749883904750586	2.0353346109943017e-06	0.0002477752081699905
SLC1A5	8561.464580876416	1.479208177498182	0.2800002399334539	5.282881821278929	1.2716742964675204e-07	2.3666297165638647e-05
KRT81	8153.636217108503	-1.1192426312315853	0.29503712014279937	-3.7935654696258774	0.0001484994534563483	0.008290878106592191
WARS1	7220.33270888386	1.6647318996731384	0.23130165978076903	7.197232831147838	6.144678859026226e-13	3.430637772637711e-10
FN1	6884.454823554533	0.7532898064860623	0.2246943235507195	3.3525092872051334	0.0008008255457569574	0.029535686586220723
CEBPB	6797.477476007592	1.1075191968041687	0.2821094242656751	3.9258496935613474	8.642411260832591e-05	0.00542361553194343
TM4SF1	6528.13166710319	-0.922296850440534	0.2357592203357388	-3.912028760220339	9.152400897601752e-05	0.005677644556822604
NNMT	6304.970770765208	1.4921372596290403	0.2616307037042578	5.703219226577179	1.1756561942312212e-08	2.8840984001208637e-06
DKK1	5912.772607099287	1.1212994455699576	0.26757721868887924	4.1905639466031275	2.782619759601161e-05	0.0021870580838690484
YARS1	6057.808625960713	1.267405486861414	0.24250715432926612	5.226260191650196	1.729729064014228e-07	3.1117825861615965e-05
TRIB3	5715.6377668149435	3.0963272137243303	0.2737749848797693	11.309752112977414	1.1742078996542258e-29	6.337200034433857e-26
TRAM2	5442.297152455462	0.7262512671047663	0.21849821438952258	3.3238315888937144	0.000887897975066365	0.03185992135027268
SLC7A1	5411.597004163205	0.937886561440322	0.24328054690275774	3.8551646376198216	0.0001156517716119487	0.006784484906409643
RBCK1	5265.922349268055	1.5909120703910014	0.26305991738127343	6.047717517090099	1.4691224827706645e-09	4.854400432355067e-07
SREBF2	5270.288536361749	1.0186486119821228	0.27028219775913936	3.7688335392695254	0.00016401221613743317	0.008911146951279128
HSPA9	5065.809325850133	0.9762196528708027	0.2985474169860144	3.269898171373341	0.001075862055404551	0.03659513138456951
GTPBP2	5113.4491488377325	1.182071507488293	0.2536781608082378	4.659729098169601	3.16625815248821e-06	0.0003511293544310727
FADS2	5143.643552690645	1.2892573564932202	0.28316390158632376	4.553042775829193	5.2875516538847495e-06	0.0005418401824559999
MARS1	5086.536626010444	1.129889988614216	0.25477926567283615	4.434779987415128	9.216636545499134e-06	0.0008726699550185759
GARS1	4890.403774104582	1.3739835091377854	0.23802735479594953	5.772376499817181	7.816122866375791e-09	2.0411426666046843e-06
IARS1	4746.387048477977	1.501765500628969	0.31092177055411513	4.83004293315508	1.365036143242859e-06	0.00018265537351442254
UPP1	4905.261956393756	1.030365672116197	0.2576601162958753	3.998933505614859	6.362855172687445e-05	0.004274729796721263
CST1	4832.684490396179	-1.4739283497132722	0.2883829519953528	-5.111010687403685	3.2043985382463176e-07	5.294124156402666e-05
RHOB	4810.724740160561	1.347301658906123	0.23356315724038687	5.768468258542417	7.999527585974586e-09	2.0558785895954686e-06
MLEC	4618.803022302154	-0.7699816170475268	0.22060991838279484	-3.4902402516258624	0.00048258648767879515	0.02012221010402727
LSS	4594.404521098808	1.433170213433319	0.27951567639134545	5.127333936815623	2.9387399528476386e-07	4.905272018201661e-05
IL11	4325.751175923536	-1.7989254892746132	0.2455836174459225	-7.325103799608036	2.387138726465498e-13	1.4865447353924185e-10
EIF4EBP1	4299.593844638271	1.0981955676413808	0.28178456913721034	3.897287814602199	9.727598685684725e-05	0.0059433792573555235
SEC14L1	4129.7281940221865	0.698055178253009	0.21801910343514264	3.201807397858004	0.0013656827625329463	0.044490482108995845
PTGES	4143.6748625600485	-0.9286864200079812	0.26702667408273745	-3.4778788418726676	0.0005053983090688744	0.02071621271426366
AARS1	4128.093830710256	1.4433807893648316	0.23649059713922344	6.10333267717661	1.0387930934496097e-09	3.5039789533422147e-07
CARS1	4077.465056341587	1.0675145508570585	0.22921888558642542	4.657184106475204	3.2056375675997284e-06	0.00035307808065991294
TMEM132A	4019.856134665624	-1.1230361131319053	0.29193460777645736	-3.84687557835502	0.00011963368346287343	0.006992739960098858
BRI3	4023.307547666407	0.8184615142822802	0.2576688491487543	3.176408467636597	0.001491108362451153	0.04696991341721132
H1-2	3963.6914850561284	0.816005055978186	0.25686328797524566	3.176806862554939	0.0014890616509712568	0.04696991341721132
PPME1	3929.256268118035	0.8287319063149952	0.23739127610358532	3.490995625101991	0.00048122413323071063	0.02012221010402727
ID1	3911.871705547535	-1.0206314467761983	0.24839957109450875	-4.1088293441049375	3.976697906600186e-05	0.0029266689002619825
NEDD4L	3856.8452475966515	0.7052229235359969	0.22166758972884607	3.1814435497704374	0.00146543078600919	0.046695914903981034
ENO2	3905.808531778222	-1.1545567272187556	0.28076923668158804	-4.112119763776342	3.920428225261885e-05	0.002910583569679863
PSAT1	3788.4553281675053	2.1428813878022774	0.2554835271657983	8.387552072629855	4.963693375752627e-17	4.7274799674594584e-14
ARHGEF2	3791.659367563408	1.0166385517574839	0.2535966774905419	4.008879618682703	6.100750479164769e-05	0.004132939372726225
SREBF1	3745.830077317422	0.9846606553113688	0.2920371267101101	3.371696833220762	0.0007470663407521907	0.028327286002619953
BNIP3	3628.631442082978	-0.9272139420762782	0.22239659410863313	-4.169191285471602	3.056823588149856e-05	0.002356810986463539
H2BC12	3634.020822927683	1.085412842246007	0.22450653491355335	4.8346603481450865	1.3337316107707878e-06	0.00017995373758324855
ETS1	3505.0677775387685	0.8413514649998157	0.2645451938357902	3.180369496797827	0.0014708737323840607	0.046695914903981034
FADS1	3523.6117990978073	0.7504678529217457	0.22744796117629457	3.299514530886734	0.000968522133167395	0.033988989658009165
SLC20A1	3417.403431762102	-0.751598579129401	0.22198150710008277	-3.38586123208243	0.0007095525425634814	0.027227124308523143
LAMC2	3420.904462598095	-1.0128610908049203	0.21942688122455833	-4.615938964052324	3.9132195372664555e-06	0.000408767338889556
CRIM1	3333.6316913488595	1.051341053085809	0.3017252380398599	3.484431928584376	0.0004931828949745661	0.02042231266632532
DDIT4	3435.8688359070925	0.9956642785173514	0.27652368862110316	3.600647320604873	0.00031742590924432087	0.014853881203973409
KISS1	3432.059906679438	1.0446396267694165	0.291988870674569	3.577669328135801	0.00034667163616611496	0.01585582051176714
DHCR7	3328.8434074334477	1.1498083445667757	0.28913859271678294	3.9766685372679946	6.988747232047515e-05	0.004618563527921686
LITAF	3226.1590616846934	1.0435680803319174	0.21928060681777853	4.759053230818169	1.9450314017569873e-06	0.00024224618019882605
SLC38A2	3061.3811160163336	1.3264084016156705	0.3903225936150672	3.398236287914614	0.0006782181471935154	0.026270406749306717
ADM	3127.755695567272	-0.7615320998088503	0.22402856244548464	-3.3992634309482854	0.0006756760350673499	0.026234701879557464
MARCKS	3060.9962655697104	0.9270779600474798	0.24500488205050705	3.7839162725596847	0.0001543797767726846	0.008560147142899098
CXCL2	3043.699191615992	1.069405443608416	0.24622926343081275	4.343128955136988	1.4046762499922674e-05	0.00128283970501652
NPC1	3044.4527167715337	0.757452422855513	0.2234165072558672	3.390315389668331	0.0006981225670364804	0.026976855567750965
GDF15	3070.317117714889	2.397966838001154	0.2741778452349087	8.746027002825981	2.2099624707875932e-18	2.5558215974658517e-15
ZFP36	2965.1945337528105	1.2502799785150367	0.25144997534880287	4.972281173544323	6.616964126948718e-07	9.739569652675154e-05
OGFRL1	2846.8635460593737	1.128520496072442	0.33443735684597575	3.3743852861275276	0.0007398074287401103	0.02818405194995559
RPA1	2873.0807182860203	-0.8664632143735859	0.22301482006559303	-3.885227063020933	0.00010223429170988273	0.006130649692869301
LPCAT1	2751.65980751435	-1.3557445019064254	0.2312290128963167	-5.863211043132993	4.5400058366516e-09	1.2896006052846677e-06
SLC38A1	2634.0284444325102	1.572006048178189	0.3664353091245618	4.289996103087924	1.78676253453011e-05	0.0015226037998198425
FKBP9	2642.8836320634946	0.9079189587701282	0.23351546663990141	3.8880463544207466	0.00010105433031479826	0.0061279800079659125
EPAS1	2566.639787374504	1.169270207640788	0.22488507869332874	5.199412137233428	1.999198012925468e-07	3.518371198616984e-05
HBEGF	2559.0271027328195	-0.7278568138697837	0.22778901314984884	-3.1953113269381874	0.0013968007703001816	0.044872224745893335
MAP1LC3B	2489.7856114445453	1.3072987385052435	0.24462875952507385	5.344010822943525	9.091213621535735e-08	1.7950712164181108e-05
INSIG1	2482.667262656449	1.8374723189613338	0.22770547702279526	8.069513052500652	7.057908876609715e-16	6.348589034510439e-13
CST4	2350.8166370834683	-1.4014489038674893	0.26453346385126275	-5.297813302953125	1.1719770387565448e-07	2.2064511900589785e-05
MID1IP1	2333.2010239259157	1.1530859812598797	0.24877302055197395	4.635092578372967	3.5677776943374335e-06	0.00038510592432678255
TES	2220.592576235984	0.9543443244044848	0.2947459911472473	3.2378534503212957	0.0012043265621500018	0.04037112084424571
SOX9	2255.8938750331163	0.8332696546880172	0.23169852752254205	3.596352827952038	0.0003227100241886913	0.015014362073675576
SGK1	2218.357151820398	0.9504732752433352	0.2860514157334167	3.3227357844266754	0.0008913930190645125	0.03185992135027268
BRPF3	2235.404842552785	0.794395623934277	0.22563800388789815	3.520664117951291	0.0004304675125745535	0.01858586532291892
IL1B	2216.066890417955	-3.091288887728102	0.22898170348851288	-13.500156740178939	1.5604381092030288e-41	2.526505342610624e-37
GFPT2	2222.2210212373743	-1.0250842837377394	0.23767727591770324	-4.312925077838233	1.6110872604349316e-05	0.0014176692300924987
ARHGEF12	2119.8288989444914	1.1989704453483145	0.3779366167900934	3.172411436424073	0.0015117866158067064	0.04743669979946974
SESN2	2211.699654114124	2.1842729443332503	0.2577588627734017	8.474094433965073	2.3691519348677354e-17	2.397433686090219e-14
HLA-DRA	2173.5105607751134	0.7571646938656752	0.2252695592218309	3.3611496221736217	0.0007761876625874136	0.029090866770724106
PARVA	2115.6109331624325	0.8463775905590118	0.24220069080358647	3.494530043456337	0.0004748971572481706	0.019971584085727613
HERPUD1	2107.931273036907	1.1511032937085997	0.24008164459834222	4.79463265771276	1.629731895606134e-06	0.00021279829936902354
C15orf48	2059.866296199419	-1.2983492957022655	0.22261845711095626	-5.832172734245254	5.47102378368675e-09	1.5013787471469859e-06
AMIGO2	2027.0432724484463	1.4830115059697415	0.26365608775528526	5.624795234564095	1.8572815193120512e-08	4.358151460750931e-06
ZFP36L1	2018.55152265638	1.0761773566514348	0.2299495842521464	4.680057848990826	2.8679398282338325e-06	0.00032471897733520267
SLC31A1	1976.3360368858912	0.8510991133638486	0.24681053405056985	3.4483905504189867	0.0005639379709108649	0.02265687267250078
PFKFB3	1951.621143097729	-0.9438138125363903	0.23726899777008945	-3.9778218874213542	6.954943673540374e-05	0.00461506118927427
LEPROT	1896.5986384739292	1.049566193920918	0.31237006809358275	3.360008852085275	0.0007793997519925181	0.02914379072635303
TACSTD2	1910.0452943726377	0.9820858077165044	0.2337706543817669	4.201065400247701	2.6566182719692342e-05	0.002129371606012568
SGPL1	1888.485334770795	0.8618244997801104	0.22819582333289648	3.7766883161698552	0.00015892740795516352	0.00869322183176369
PCK2	1917.7325548198094	2.2169771441709387	0.27746597458166916	7.990086523269883	1.3484408179042627e-15	1.1490844885625221e-12
CXCL1	1877.2706240694351	-0.7922524614333514	0.23873217003885752	-3.318582750302984	0.0009047551055287336	0.032266277342765916
SORCS2	1825.6890204343074	0.9219840387131789	0.2691741464809123	3.425232514960565	0.0006142734697260247	0.02425780914227821
CYTH3	1780.9817362369415	0.8551993071845221	0.22471799910469364	3.8056555798456273	0.00014142907878294725	0.007978669737194074
L1CAM	1794.044828814782	1.085414027554192	0.2713021582697042	4.000757069080043	6.314015274536904e-05	0.0042595925545844595
AREG	1724.7012485052746	0.7663804587144385	0.2421298527190279	3.1651630317710593	0.0015499607758470606	0.048353400619922465
GPT2	1755.121845252511	1.015981854126019	0.24233727779244676	4.192429094611565	2.759833552895541e-05	0.0021870580838690484
STX3	1675.6196172223556	0.8923670941722178	0.2523413613114615	3.536348894744929	0.00040569851378530533	0.01784963216493989
BEND3	1697.665026843171	-1.9371732737013225	0.2709914504814199	-7.14846638246302	8.775273395536757e-13	4.583240372488246e-10
CSF2	1685.0827603481955	-1.2630166985115352	0.25020913886583057	-5.047843992576152	4.468237706432925e-07	7.023809388820922e-05
NR4A1	1646.4215112509544	0.8652576863566889	0.2573434759126306	3.362267814593629	0.0007730510758567718	0.02904053357122272
MTHFD2	1586.014635113105	1.2943148449551973	0.27814881004655706	4.653317929846806	3.266360238898359e-06	0.00035733539613515763
LAPTM5	1609.7754578066124	-0.848120089117004	0.23137165467203033	-3.6656179440788264	0.0002467420603642797	0.01236842321782679
NIBAN1	1559.1641003286504	1.5453891990847626	0.30746718089833247	5.02619237139252	5.00314023576738e-07	7.789023418972083e-05
CHMP1B	1554.9050293706039	1.0939556467847462	0.27104885711913684	4.03600907383243	5.436811423325165e-05	0.0037618552886776813
LCN2	1520.8358087192198	-1.61185031504835	0.25794842041581284	-6.248731093022578	4.138006344891616e-10	1.522692289321367e-07
ASS1	1528.6387034338532	1.1233078420443667	0.2587347253686435	4.341542637710826	1.4148581450201505e-05	0.00128283970501652
PFKFB4	1517.9625532125222	-1.373137111196888	0.3165644884250214	-4.337622068819373	1.4403254329175073e-05	0.0012955727269092978
COL8A1	1447.678951199581	0.9340476833975044	0.26480569120610076	3.5272945953058326	0.0004198293647692863	0.01836319955550047
MSMO1	1423.0293227297927	1.6055117946413404	0.3214914050668779	4.993949353972171	5.915691701980337e-07	8.868607809885522e-05
HJURP	1428.3046814066665	-0.8467883820094949	0.2324758260838126	-3.6424792903164445	0.00027002470808071673	0.013248394086469347
TCEA1	1396.5098958664064	1.3523121556692113	0.3352546745683495	4.033686204108426	5.4908632415949677e-05	0.0037830879465814518
MTHFD1L	1407.570978249935	0.830878223988828	0.22937999323595407	3.6222785268553768	0.00029201944912539055	0.014071687204729757
FST	1361.1028389855749	1.0555558148934896	0.25182544909131716	4.191616926336635	2.769733786789304e-05	0.0021870580838690484
DYSF	1351.3920546421975	1.769809003147815	0.25297603940521846	6.995955060838488	2.6345798093291786e-12	1.2926206573590523e-09
MOCOS	1304.7360602240599	1.4162610961388755	0.22410474634875224	6.319639004588002	2.6217502633087264e-10	1.0106847265055141e-07
GFPT1	1258.4618214950067	1.5055792708232036	0.33379723176495596	4.5104606256392215	6.468700787225733e-06	0.0006425443831041217
PRKCE	1265.3733989266716	1.874450602107021	0.27988526207226294	6.69721080784547	2.1243506686523778e-11	9.554267132264069e-09
PSPH	1270.8147488011152	1.2918437961344476	0.23691834144789226	5.4526964364157315	4.96117199283418e-08	1.0298248171279256e-05
DDAH1	1209.1894926050752	1.0702962646455667	0.33796664410329214	3.16686952194742	0.0015408943853768358	0.04816336099157597
OLFML2A	1252.505846280812	1.0054992587214064	0.26489633264650936	3.7958217415685933	0.0001471552106882845	0.008244256111605586
PFN2	1188.2247328762417	-1.2867724798142133	0.24145550971668114	-5.32923221062168	9.862882746614174e-08	1.901070649409882e-05
CHAC1	1211.7396644895155	1.9901440767718253	0.2658923279578466	7.4847743522984755	7.16701675462788e-14	5.525769917818096e-11
PCSK9	1206.5886567391724	1.6983807272366302	0.2910919152144008	5.834516997786439	5.394660867982007e-09	1.5013787471469859e-06
STC1	1162.5803997923465	-1.1132806648098776	0.2873851291102921	-3.873828364941684	0.00010713888168145551	0.006380931044371251
CEBPG	1142.4719654408211	1.857619986598368	0.3203492657956765	5.798733398013109	6.681765920443915e-09	1.7735159347197938e-06
H2AC6	1117.1174774368492	1.1605915639768338	0.24329155573622263	4.77037339197728	1.838847350609612e-06	0.00023443131853323015
RPH3AL	1136.2953990366293	-1.0127136671861314	0.2829939788425497	-3.578569661899338	0.00034547978818410527	0.015846071531129883
LINC00963	1140.5878924577066	0.9006035728078061	0.26200293451676343	3.4373797166389513	0.0005873715361994034	0.023309148388736618
BBC3	1125.344648503691	1.6689135504260213	0.3073272762537874	5.4304114192840185	5.622428174714375e-08	1.1379091822100056e-05
TSPAN15	1060.3574766066408	-1.0118894500132962	0.2960061398746027	-3.4184745304336035	0.000629732112320293	0.02474755492858705
CLIP4	1015.88496780384	1.3662076430245962	0.34494054331223684	3.9607047345197643	7.472888992223103e-05	0.004859178541087722
MYLK	1019.0781834790583	0.9319119985363447	0.2578020539356978	3.614835430166071	0.00030053847093684593	0.014333665061241998
IGFBP1	1026.0398860901767	0.7919162489519427	0.23677578459397552	3.3445829365951645	0.0008240638708285007	0.030118325355720663
CDCA3	1014.4045328675799	-1.0099801943641233	0.28266589019393656	-3.5730529554562733	0.0003528433712080259	0.016092639502053935
CST2	972.4502066101646	-1.4672795163255354	0.26426868639150874	-5.552226169360794	2.8205433508453618e-08	6.171272620748277e-06
H4C9	970.6709278655911	0.9065916753155	0.23735072865576193	3.8196287850051713	0.00013365266390819632	0.007646538096599317
TM7SF3	960.1340865630665	-0.7596364006779587	0.23027791250409252	-3.2987809921390454	0.0009710563922386921	0.033988989658009165
GM2A	955.1597080740315	-0.9718115227299808	0.25994693813827313	-3.7384995941481214	0.00018512179171002976	0.009795120684892458
NOX5	951.5966569310475	-2.5005916373037196	0.27067038741437777	-9.238512055903204	2.4994871513538738e-20	3.3724330389642146e-17
EDIL3	916.4821480179313	1.3399904004091876	0.3608544687214473	3.713381755135088	0.00020450803883431234	0.010612787361430611
UHRF1BP1	933.5334231846047	1.0148153407449223	0.25822587749881293	3.9299521433501083	8.496277010446825e-05	0.005373563323286897
COL12A1	911.8263696884023	1.3452694426616076	0.33043337900023817	4.071227449030317	4.676605822604639e-05	0.00335029748820291
TRIB2	916.8225690491075	0.7709015709899766	0.24250136890427987	3.1789576053662065	0.0014780570747141	0.046770774129055455
TFPI2	917.621387118323	-0.9702941877114306	0.23601504276905613	-4.111154002420415	3.9368649358278676e-05	0.002910583569679863
FKRP	929.0535207015613	0.9030786250051906	0.2826044834673664	3.195556609452989	0.0013956140182384423	0.044872224745893335
IDI1	879.2028653138603	1.0948518370288696	0.333938405588769	3.2786041338926832	0.0010432186630380115	0.03593777313457116
SPDEF	895.4832938681926	-1.3395964345937295	0.3121984877711383	-4.290848569310625	1.7799166269795506e-05	0.0015226037998198425
KYNU	866.8556125779018	-1.4725211150589723	0.3242661259048442	-4.541088314266545	5.5964580753824584e-06	0.0005698883817516816
GPRC5C	885.4802814215153	-1.0128647355406042	0.29411723518118743	-3.443744923403217	0.0005737166912678513	0.022879425981078276
DCTPP1	878.5950859605122	-0.9759883799143988	0.3093628216248481	-3.1548341031681586	0.001605893910696479	0.0495257682058794
TGFB2	819.7475627754553	1.0779944849247733	0.33376416409872445	3.229808951586283	0.0012387296313261821	0.04109891692787339
SQOR	842.9958522032847	-1.1617239996793207	0.24423296901297809	-4.756622352724169	1.9685894344643203e-06	0.00024330863765963212
CCNF	839.8083865119206	-0.9466339496805162	0.2913845026394505	-3.248745012537093	0.0011591533434698533	0.03893745183427468
EPG5	810.1531786308707	1.0496654320670717	0.28882350418860114	3.634279817412791	0.0002787581992172038	0.013553675686263504
LPXN	816.9037167267182	-0.8659448198963537	0.24659807777275314	-3.5115635438746016	0.00044547894990124405	0.019131962010214967
CHIC2	808.1002271755892	1.0518575570755213	0.2394894001695148	4.392083976706267	1.1226931609017544e-05	0.0010387157124663031
FAM162A	804.7114587971395	-1.0122680049280275	0.2521694958114595	-4.014236542253603	5.963851552563509e-05	0.004074292003694336
JDP2	808.2999188752104	1.6778958209908423	0.2652551101805756	6.3255928221273265	2.5226220826934236e-10	9.9618961319242e-08
CDC25A	790.7759243969141	-0.8040818687036168	0.24554857211532352	-3.2746346752363698	0.0010579869584932905	0.0362153633085938
MOCS1	791.8935317978784	-1.4374837824729843	0.2787935213361459	-5.156087471415043	2.521631359913874e-07	4.252888890454744e-05
STARD8	791.1191552629502	-1.1628868947898883	0.28430412157982343	-4.09029207289697	4.3083029979280506e-05	0.0031280598134283888
SLC6A9	796.8904996971401	1.9078320843851628	0.2816074308044469	6.77479311868725	1.2458440409534699e-11	5.763274533450751e-09
EFEMP1	764.5067093708827	0.9384583123372393	0.27961106623608883	3.356298893924515	0.0007899314724803009	0.02926723219892117
MVK	777.9020376963035	0.9026437381276199	0.28242618897665456	3.1960341262907197	0.0013933063118177962	0.044872224745893335
MATN2	729.454445456251	1.0511862877620732	0.2968286985247846	3.5413903473161015	0.00039802425831456654	0.017559702360684323
PDGFRB	751.2237773146907	1.0674575301577658	0.26704042874230066	3.9973630029926426	6.405203826369414e-05	0.004285398973254016
SIK1B	729.9794238384802	1.1293686394755262	0.30022776669466655	3.7617061603236084	0.00016875823842649228	0.009077623383266899
SPAG4	733.1151549655398	-1.1209371875030891	0.29367823176477015	-3.8168889153518717	0.00013514497829961622	0.007696681833935992
OTUB2	727.2015247723024	-1.641081022130715	0.26250126347136066	-6.251707136296354	4.0599017575567717e-10	1.522692289321367e-07
CTH	709.2135761666553	2.800867811008103	0.268294802437303	10.439515732559258	1.6364336049766363e-25	4.415916083029453e-22
SFTA1P	708.6671580698799	0.9330148135676661	0.2781049229380857	3.3549021847965723	0.0007939305196177359	0.029348239824499453
ANKZF1	687.8195449707964	-0.8570489369461384	0.24606969725525818	-3.4829519705430707	0.0004959173273676447	0.020483156753595754
SH2D5	683.2976999392528	1.1507008458814958	0.2822947322201537	4.076239173262703	4.576994194829301e-05	0.003293605022599165
ZBTB38	647.2971516992937	1.3924840186256857	0.4047454373114554	3.4403946042612366	0.000580866620634104	0.023107644851810265
WNT7B	675.8003638550031	-0.9726777863380057	0.29690773984119834	-3.276027047520702	0.0010527847795873972	0.03611364060656684
TMEM41B	646.5794814613888	1.2540017619052266	0.353403528956713	3.5483566494289995	0.0003876429408355209	0.017290156625531457
SCARA3	666.651704270634	-0.9525384126132772	0.29701306618284956	-3.2070589514969954	0.001340995126438239	0.04377429857290631
NR4A2	640.3360280845128	1.4132767044372156	0.31746099201884115	4.451812159502539	8.514863696069183e-06	0.0008305069765244346
NUPR1	645.2273699878041	2.81009838429601	0.26434795412324924	10.630301239198673	2.154155456205882e-26	8.719482747857358e-23
MSRB1	643.4752508076476	-1.2724975590641512	0.28192823140562057	-4.513551384051929	6.375099482906577e-06	0.0006371557760971629
IRS2	628.1622687246828	0.9609271422359512	0.2768804628463067	3.4705487427957364	0.0005193960646992897	0.021076545572797496
CD24	629.7524616049913	-2.099646452939616	0.27410168256026274	-7.660100563147756	1.8578754871509643e-14	1.5040431006230632e-11
SPIRE1	604.0704925630445	1.215336590533997	0.3294264544463811	3.6892501319495903	0.00022491600520276462	0.011451619623389819
PHGDH	629.3250438533498	2.695230754130631	0.27204717513228444	9.907218308074915	3.8727855076130523e-23	6.967141128195881e-20
MAMDC2	595.8376265741373	1.0649823934703497	0.30039135437900927	3.5453163945811896	0.0003921420754602894	0.017396727463151594
POMGNT2	610.3871277858203	-0.9341712287610978	0.27976769194205764	-3.339096170384724	0.0008405146020782812	0.030581509937639216
SNAI2	585.112951769811	1.3696847452696692	0.3283853474125872	4.170967907251907	3.0330858043306914e-05	0.0023496981941587666
SERPINE2	593.4080166907903	1.0334202609044707	0.24648085536976	4.192699913160306	2.7565397942466297e-05	0.0021870580838690484
HKDC1	578.5308431121841	2.6169887199171358	0.25158219113426794	10.402122296965226	2.424716413777264e-25	5.608369065066812e-22
ANGPTL4	574.4357507713518	-1.8320797319031468	0.3187665822957922	-5.747402123234831	9.062502641602642e-09	2.2926715667216933e-06
CMKLR2	556.9703569513841	1.0842175304420982	0.28416778572281787	3.8154132344180023	0.00013595522231521793	0.007696681833935992
PROCR	552.1604363658544	-1.171323246079834	0.2460348153125596	-4.760802834313506	1.928243580167582e-06	0.00024201699074801022
C1orf21	538.304661202708	-0.8086085638456898	0.2430064808137781	-3.3275185136537435	0.0008762316666733171	0.03166756007836535
SNPH	538.8875019086599	-1.2812917921946867	0.3010534039254854	-4.256028251093361	2.080904245105504e-05	0.0017193213060758986
SLC7A11	512.3466078828163	2.44740209725385	0.42954544814813206	5.6976557610030705	1.2146599294984328e-08	2.9353073012700186e-06
CAPN5	524.8972505119359	-1.4338696504809694	0.3057971942120849	-4.688956202412087	2.7460214831220945e-06	0.0003131044636142946
ANKRD10	503.3782003430267	0.807435075121849	0.24611791523544524	3.2806838719945586	0.0010355574122031454	0.035749914842177245
TOMM40L	509.98734551300294	-0.9252230632540168	0.2930704267866576	-3.156999064690817	0.0015940185761408926	0.04934752345372311
SLC4A11	507.2415770305426	-0.9753289549178777	0.2955702272435067	-3.299821379216078	0.0009674638393938671	0.033988989658009165
H2BC5	494.16888594345863	0.944627729720279	0.24605201758448594	3.83913832121261	0.0001234668618026206	0.0071394712837365365
HMGCS1	472.46639906633254	1.1601616017058587	0.3317823228657593	3.4967553174171537	0.00047095358330993803	0.019971584085727613
SEC14L2	480.6419696979335	-1.0832305723169757	0.31046342690682693	-3.4890762596718474	0.0004846928503842033	0.02012221010402727
TMEM171	479.1026369085976	-0.9778578120189905	0.2942440901787599	-3.323287857455081	0.0008896306035329627	0.03185992135027268
EGLN3	474.2782637890619	-1.478974366020997	0.24014579839848857	-6.158651851850619	7.336681453219737e-10	2.5274087108315053e-07
PDZK1IP1	476.7698862673636	-1.458852595130354	0.2882062422185759	-5.0618355241034605	4.152391845291669e-07	6.656571917536378e-05
LPIN1	459.92687328697406	1.299893637379692	0.2994444841507987	4.341017137337125	1.418246601185579e-05	0.00128283970501652
TSC22D3	467.6913375691352	1.3908572232534016	0.2554707364191445	5.444291752349501	5.201191223970083e-08	1.0659808494594887e-05
HILPDA	462.6447452368825	-1.7420487044237447	0.3040650543141756	-5.729197353352453	1.0090694465507117e-08	2.5135143706311653e-06
RUNDC1	458.407509348324	-0.827140772791994	0.24882781434811624	-3.32414917101994	0.0008868874307460129	0.03185992135027268
TMC8	462.73592820284244	1.1607838458748114	0.2820023947133725	4.116219818114074	3.8513700713421635e-05	0.0028736190241982016
ORC6	437.9651610673996	-0.9406415700266246	0.2517291509965953	-3.736720861698481	0.00018643569396758382	0.009832509189020032
DNAJB5	441.85902228565357	-1.0273291534979885	0.26388783252131087	-3.8930523763918683	9.899076940645384e-05	0.006025411832555993
HLA-DPB1	440.74679730307474	0.8953286435517249	0.2831400064932506	3.162141071622344	0.0015661367308221882	0.04876407655527318
IL24	426.4601542618198	0.8334121077743307	0.26038319529247594	3.200713881854776	0.001370875846535594	0.04456998158887109
DNAJB9	419.38324484596797	1.1492248025304888	0.32586409344249345	3.526699705972045	0.0004207737036063661	0.01836319955550047
CSF3	430.5945916258541	-2.1441984772145863	0.29555967206891054	-7.254705833868502	4.025357032668904e-13	2.4138724339237863e-10
CLCN6	429.35333781689684	1.013810450741616	0.254561001879811	3.9825835192944385	6.81701567575867e-05	0.004542152296551795
ADM2	425.7842079257628	2.5834183756406706	0.2973934480166655	8.686870517389137	3.725603596090832e-18	4.0214165216204446e-15
SLC1A4	423.25463308149045	2.668850755228705	0.27993987185251296	9.533657129895365	1.5183788342000293e-21	2.4584071704532676e-18
HSD3B7	414.91400940446897	-1.2627576234444093	0.3347327791459336	-3.7724349155954173	0.0001616621442550562	0.00881303628832867
ZBTB44	395.7163570340196	1.0394373150675904	0.3122159876777092	3.3292251392986607	0.000870879755340086	0.031544550601143924
C6orf120	393.04997275477314	1.1296258854928927	0.28891941030767054	3.909830372040262	9.236095660180995e-05	0.005707695604350782
CLIC6	391.1326659598978	0.9228452324056501	0.24491820591761312	3.767973184958253	0.00016457837611148635	0.008912001630839717
PTK2B	391.07671243990575	0.8299560754534876	0.2548425698598032	3.256740331531236	0.0011269947971030618	0.03793591010373321
PABPC1L	379.37771591868386	1.0305481653972872	0.25502069888125223	4.041037335079814	5.321528460551368e-05	0.0037138304872753104
ASB2	382.3933174773744	-1.7021735641132916	0.30789395616618376	-5.528440977888356	3.230890860931198e-08	6.793682328485328e-06
AMPD3	378.57200716399416	-1.037945262578049	0.2513483909410028	-4.129508284068063	3.6353990449477414e-05	0.0027505021465770506
TMEM14A	374.53985205425175	-0.9313194059383957	0.2627783020392021	-3.544125975056565	0.00039391697931810406	0.01742598309327711
MYO1F	378.3875814531796	-1.4899261061333726	0.2993873833330827	-4.976582812361733	6.471659581997437e-07	9.613086265332155e-05
BRI3BP	373.71659273617917	-0.9079621182283517	0.261225761608029	-3.4757755614882844	0.0005093783833740134	0.02082662981113296
ARHGAP32	366.7254695468078	0.9193936985590688	0.2886430733935349	3.185226957812949	0.0014464052342179868	0.04619082277558861
MUC5AC	371.3699912363179	-4.376460469117183	0.32872359490136727	-13.313496618429017	1.9322277817291644e-40	1.5642350006988453e-36
LINC00662	364.7208215116156	1.46932990108858	0.2750892184475292	5.341284945228929	9.229005605528827e-08	1.8003232501098462e-05
SNAI1	372.3005484858833	1.0008229381669425	0.30680315199569047	3.2621012256777613	0.0011058964579544449	0.03745935052456154
NANOS1	363.4683090080313	1.2854193562836922	0.2560326752859966	5.020528551083717	5.152949087378361e-07	7.87088666733425e-05
GPRIN1	364.2459246554925	-0.952145794490512	0.30177138597856334	-3.1551891223979354	0.0016039409793227562	0.0495257682058794
CCNE1	359.38236888226265	-0.8178188874270778	0.2530276141779316	-3.232132943608199	0.0012286987765079806	0.04099308406778614
RRAGC	352.2444999659349	0.9829946223510153	0.2954725845697182	3.326855599082063	0.0008783187511575032	0.03167229153672858
GRK5	352.70238284691686	-1.0418365636775997	0.2565538228662324	-4.060888869392584	4.888623849735517e-05	0.0034715661732924456
POLR3K	350.63076069926933	-0.9800400965086203	0.2711457461521137	-3.6144402426244024	0.00030099722814046567	0.014333665061241998
MXD1	340.6673010659027	1.5152996182076768	0.32711246617924117	4.632350567090185	3.615372779719634e-06	0.000386910502681021
TMEM268	350.9597913601237	1.486426134536616	0.2650374268224653	5.60836313707609	2.0424912261061994e-08	4.65774301998387e-06
ZSWIM6	340.2385159217891	0.9140633680797053	0.28458235926096825	3.2119466942836374	0.0013183883523762362	0.04321057856948106
LINC00511	343.33230488577664	-0.9730577790521681	0.26979090283868273	-3.6067108594613835	0.0003101028776373168	0.014595568871586617
CLDN1	335.1707885899409	1.443634237530585	0.31370638701596604	4.601864346029753	4.187258987881037e-06	0.00043197876775294067
ZNF528-AS1	331.6792742241148	1.0111722226737045	0.25898399686977897	3.904381100358634	9.446682078867933e-05	0.005815636104142612
TSPAN1	332.9391909624351	-1.3423418800257096	0.317067095868427	-4.233620888188095	2.2995847767197168e-05	0.0018616288559934469
DNMT3B	328.05432638758845	-0.9279582563118435	0.254735629376358	-3.642828679221923	0.00026965832274606196	0.013248394086469347
MANCR	321.5982735893986	-0.992007364040723	0.2953955029993478	-3.358234482137371	0.0007844204124442553	0.029209269078372242
FAM13B	311.3762437653677	1.4772437732717618	0.3910767190580894	3.7773758991067337	0.00015848943337421853	0.00869322183176369
NECTIN1	321.0543002004988	-1.4742609459672065	0.32615172637156964	-4.520169070905511	6.179026423398209e-06	0.0006213951355356547
GEMIN6	314.4653015850137	-1.0011366867416167	0.27431958544795326	-3.649526828741737	0.0002627238009247425	0.012990373368061907
CSRP2	309.75027458321347	-1.326670486355609	0.2608513491600428	-5.085925338809129	3.658379586161735e-07	5.983113523186328e-05
KREMEN1	310.72491083379515	-0.9670903539613391	0.28890563556755533	-3.347426408147039	0.0008156564107987678	0.029946242510754763
CPVL	297.9010283667864	-1.4265354840660025	0.2578745371047426	-5.5318974105868275	3.167851739801369e-08	6.748774673568943e-06
FAM171A2	296.5331218181405	-1.0565731098428197	0.2989611698522248	-3.5341482988077653	0.00040909147525548855	0.017950135706942046
	292.85915578391797	1.1344234291561015	0.26332798792901946	4.3080245213504895	1.647191271621995e-05	0.0014338534343457914
LINC02210	286.20533833347304	-1.1042814481174534	0.2578407447809285	-4.282804290903263	1.8455248884708485e-05	0.0015562965348558078
TNS4	286.82435319141246	-1.2456893596672707	0.2899258087771214	-4.296579752321693	1.7345358184395773e-05	0.001493822842359319
CD83	283.5925575276114	-0.9795007713087651	0.26315913047900064	-3.7220854527292433	0.0001975841279446125	0.010286445709167912
TSPYL5	283.9506746965853	1.1594324629140467	0.2675743093723368	4.333123256989016	1.4700874914990101e-05	0.0013150379323127333
ORC1	284.22323246411554	-1.1069715156809	0.27595996955463026	-4.011348158457305	6.0373001086737626e-05	0.0041071397504007096
MIR210HG	282.68134373869276	-1.0999955203335496	0.3137005837086028	-3.506514101214864	0.00045401737937895216	0.019395766199273388
C20orf96	278.32950621656136	-1.2126453237022128	0.2751344460123375	-4.407464573330217	1.0458770055273676e-05	0.0009788320576007866
BMF	278.03771106121695	1.5452811579724945	0.266000867040397	5.809308725816355	6.273131763428979e-09	1.6928046063613098e-06
NEK8	283.35956567522436	1.549258167650325	0.32353169851781416	4.788582308156801	1.6796367166597162e-06	0.00021755998463549972
GRIK4	275.98211928714727	1.0184488179064262	0.29851883993267464	3.4116735082319036	0.0006456539582143002	0.025152106297187313
DGAT2	269.29182216560974	-2.0595336348269733	0.3107275379967729	-6.6281014167735695	3.400318335749575e-11	1.487960923624902e-08
EPOR	265.26536711394084	-0.941659882916501	0.2876686449479683	-3.273418564914583	0.0010625500341183924	0.03629482616542382
FAM241A	258.21366935519	0.9966859629114669	0.2969119831047641	3.356839803127079	0.0007883877737511687	0.02926723219892117
POLE2	254.9570969384948	-1.127278389090738	0.3042999841625549	-3.704497035032884	0.00021181058533384768	0.010956629990863666
DNAJC12	257.2457784948132	10.502713610759988	1.4206777041925664	7.392748953380064	1.4382387085084817e-13	9.702717887275344e-11
RPL13AP20	255.34341141394293	1.0574156342600887	0.2831741515032502	3.7341530950008055	0.00018834790332897424	0.00990110682727085
ZNHIT6	243.40788615240854	1.3037676893836951	0.3783858705686963	3.445603524846721	0.000569785668933922	0.022778764853602793
IL1A	246.66872171962893	-1.3368359648046713	0.3195632534270695	-4.183321925997863	2.872801314632493e-05	0.0022470302456625455
SKP2	244.7002377706733	-1.1265986492601494	0.2731847344517958	-4.123944376031527	3.724388727162936e-05	0.002804724552627679
RAP1GAP2	240.29520595183064	-0.9446494411739679	0.260867364178162	-3.6211867442675203	0.0002932547352814184	0.014089280174900432
CYP4V2	235.22120866413312	1.4441651096959145	0.32681264236944163	4.418938934630853	9.918666551334148e-06	0.0009336809891433208
INPP4B	234.55369635406404	1.1957738459644103	0.33148296646796904	3.6073462799783322	0.00030934469554195554	0.014595568871586617
H2BC11	237.72137203537247	1.1105752001555151	0.26767870369815056	4.148911306025532	3.340602002488653e-05	0.0025633974892082362
SHROOM2	235.29069918103357	-1.257116318386143	0.2829044985463064	-4.443606675912845	8.846326310159753e-06	0.0008475199366141809
MAP3K12	235.1995939180235	-0.9081253462392749	0.26860452605184004	-3.38090113218721	0.0007224853384866546	0.02765427923271259
SLC35D2	230.90464282073876	0.8536001047642856	0.27038257550780775	3.1570085578226785	0.0015939666825148962	0.04934752345372311
CLCN2	233.81274025350828	-1.091279144336372	0.33351658785768146	-3.272038585385276	0.0010677500266990233	0.03639566459428187
RIMS3	226.37145899336414	-1.6322334750162169	0.31201786185476277	-5.231218063329927	1.6839671856189458e-07	3.0634958092535225e-05
CRABP2	226.37988111779666	-1.762324568220394	0.33791378205120237	-5.2153083473622805	1.8351171075119754e-07	3.265096822827076e-05
SPOCD1	224.35292576853587	-1.1496814920899485	0.30696782649162047	-3.7452833582914016	0.00018019028245520982	0.009565445453220663
VDR	220.93670403620123	0.9351149894576373	0.26528241002028724	3.524979245273462	0.0004235159719355019	0.01843319113335406
UCA1	219.18037463528876	-1.3262191542329202	0.3137274398989581	-4.22729728282631	2.3651509388721543e-05	0.001905182032401943
LGALS12	221.3120330692136	1.2065428923932882	0.2909466379522176	4.146955953453704	3.369248480854418e-05	0.0025731840638449945
STARD4	209.92793191935846	1.363928413806716	0.3971718701650291	3.4341012449849218	0.0005945220898971499	0.023535225324021403
ZC4H2	214.62262092285766	-1.211385723240396	0.2959490295045857	-4.093224178731851	4.254160557937607e-05	0.0031061424680883074
RAPGEF3	214.93505527476975	-1.0989310263329064	0.30277057431584703	-3.6295833200306746	0.00028387909132365964	0.013720257813795144
LINC01588	212.21118827973564	-0.9068592983117073	0.2709806600590407	-3.346583103436691	0.0008181415206994666	0.02996952344263589
ZBED3	212.5724010486955	1.2976032394128134	0.2916210798531595	4.44962085753951	8.602201213175367e-06	0.0008340014361827686
PPFIA4	210.77497074526767	-1.5719128157475264	0.28161860882827583	-5.5817079073281	2.381681238537056e-08	5.282438483993627e-06
ZG16B	211.04939516333232	-1.2603429164503523	0.28164901503318523	-4.474870669445987	7.645757825579742e-06	0.0007502573633573431
PECAM1	208.21439051168514	-2.0012680429810175	0.3040650028085017	-6.581711227850198	4.6506419352990735e-11	1.981540620379666e-08
MUC5B	209.36837329761738	-3.313433233301224	0.32690302878780014	-10.135829103780024	3.83109601354406e-24	7.753659444411485e-21
SLPI	208.0976392483236	-2.3105820692553722	0.32138495579105936	-7.189453107934341	6.505135632844264e-13	3.5108217010460494e-10
RAB38	206.6212410335213	-1.7530456392608582	0.2828508672231442	-6.197773605826922	5.726743225510327e-10	2.0604822125386157e-07
ABHD6	204.08035071546263	-1.0495608948188488	0.2733123801992572	-3.840151309844329	0.00012295850242129296	0.007135559543738904
SYTL1	205.6492548217825	1.1344248624918094	0.33887914944176317	3.347579408059042	0.0008152062911549113	0.029946242510754763
HOMER2	199.6808992293086	-0.8942396323463215	0.2696826337089455	-3.315896244588845	0.0009134973708943616	0.03236419241170812
TRABD2A	199.8364013709885	-1.2988650155170014	0.3205631520233426	-4.0518225732395505	5.0820198669896396e-05	0.0035620339249536476
KCNS3	197.91477207593746	-1.428054923774938	0.2874466731498908	-4.968069061736088	6.762288109065842e-07	9.863802412061717e-05
ULBP2	194.60897090034211	-0.9202485701182063	0.2733880006189004	-3.366089835819172	0.000762418738814651	0.028811746641266116
C11orf96	195.7782435294608	0.9360119664283315	0.2848908414953474	3.2855109048621967	0.001017976018713302	0.03539595568549306
	191.54363033227193	1.0883345727274638	0.30359023444018096	3.5848800431092522	0.00033723317014734927	0.015600406451016378
KCNK6	188.35529264499192	-1.185573243281591	0.2785662374931592	-4.255983258957237	2.0813228089115936e-05	0.0017193213060758986
BEX2	186.52376074198745	1.829272751099928	0.32416969611367386	5.642948039345641	1.6716280825133286e-08	3.980195629996074e-06
OTULINL	184.04661413527742	-1.1123098172222905	0.33823026947982654	-3.288617009154567	0.0010068092482990074	0.03513200116208886
FAM234B	186.25531949466472	-1.1200730221250768	0.28827669532642475	-3.8854095398061324	0.00010215752755830953	0.006130649692869301
SORBS2	180.5701483256853	1.3788454278659936	0.34314021842255027	4.018314828278315	5.861584636847602e-05	0.00402139478199998
ST3GAL5	181.23224611088438	-1.0578064885200948	0.3044323864425534	-3.4746844804559047	0.0005114545466344611	0.02085884273188554
MTRES1	181.27762444818202	-1.413030545288775	0.29731899106177245	-4.75257413003664	2.008430958366482e-06	0.00024635231550690687
LINC00472	179.6701084048228	1.0952448725721848	0.32105191645634695	3.4114260542690267	0.0006462402704978026	0.025152106297187313
CST7	178.1947943855223	1.5946993652970873	0.3252952809693958	4.902313247658575	9.471464324254015e-07	0.00013451971831052347
ACOX2	174.58180668253553	-1.6347055353144115	0.3147768343486768	-5.193220583391648	2.0668705236511636e-07	3.560074537067658e-05
PCDH7	172.50049010321405	-1.0944079168535115	0.32389035964027985	-3.3789456347789613	0.0007276439586727303	0.027786045601108908
CLMP	171.04582975447613	-1.2917390864720535	0.32585275206029446	-3.964180379955899	7.364854969693293e-05	0.004827707158473851
CBLB	169.40574038038613	1.1419213032160376	0.3186952757921787	3.583113368648379	0.00033952316190108964	0.015645955537567455
CNPY4	168.6611000112475	-0.9207190730331951	0.2870761681375984	-3.2072292137879086	0.0013402016550434622	0.04377429857290631
	167.85799983914427	-1.716558905134075	0.3542983588472592	-4.8449530241095395	1.2664163899063959e-06	0.00017230712410902903
PI3	165.88073811310906	-3.0904354967958594	0.3389613487121106	-9.117368421320075	7.697056231437396e-20	9.586387495630991e-17
PLB1	165.9436903648454	-1.117211936207631	0.28840965247301814	-3.8736981464659905	0.00010719617343394357	0.006380931044371251
HLA-DOA	165.51496575886566	1.174038289724144	0.28949617453779514	4.055453553397015	5.003711500963732e-05	0.0035377769830613006
ERBB3	164.34408813776102	-1.2345568284798156	0.29064113275025893	-4.2477016821312805	2.15974713074917e-05	0.0017574737875009384
MBNL2	158.51742626004713	1.5703846348435428	0.4326422026142677	3.629753697985067	0.00028369178667493497	0.013720257813795144
CSPG5	164.89111124558153	-1.5261829776859788	0.3305660073815535	-4.616878153246994	3.895558381705522e-06	0.000408767338889556
TUBE1	160.63066457501705	1.2852466421410116	0.3296842359782296	3.8984170363119266	9.6823561932165e-05	0.00593814504258971
B3GNT7	162.54999582010228	-1.669915980028079	0.3217504400896193	-5.190096957017204	2.1018460679412915e-07	3.5822094406355214e-05
LMCD1	159.25649636306676	-1.349043129701092	0.312710423004092	-4.314033145238139	1.603028970179396e-05	0.0014176692300924987
TMEM163	158.99170017139855	-1.4897520153541026	0.3106768583038049	-4.795181795926695	1.625273688409493e-06	0.00021279829936902354
PAX8	159.72657967553053	0.978347404668045	0.29785040035378174	3.2846939386550438	0.0010209320798669173	0.03539595568549306
GTF2IRD2B	158.11280506958394	1.221344085339694	0.30140275188124	4.0521995161508455	5.0738367271657607e-05	0.0035620339249536476
CPEB4	152.02451619391437	1.2800128829817545	0.38682107070379024	3.309056770493067	0.0009361085378925655	0.03309286754807539
IRAK3	151.54118206348602	-1.9675050618820635	0.3916479337995016	-5.023657453761262	5.069662503611415e-07	7.817419580568802e-05
ADA	152.9214505408875	-1.30491322322491	0.3044376532572067	-4.286306931036692	1.8166794577048575e-05	0.0015399925183088663
KCNK1	150.24758012945458	-1.7415950970393894	0.3098895630012868	-5.620050834148802	1.9090128069648626e-08	4.415546622509727e-06
SMIM19	147.684030728182	1.0248306810776995	0.2951555537011651	3.472171430375	0.0005162665483002822	0.021002190159622784
ALPP	149.22050892747447	1.7889438677002867	0.35659346195856334	5.016760144380226	5.255010564869789e-07	7.951764117365118e-05
ATOH8	146.10990112645126	-2.126116121981907	0.3307024032489026	-6.4290918393528855	1.2836855601224396e-10	5.1960382259856056e-08
GLRB	141.84502514826468	1.3125219109307034	0.39569835996920205	3.316975867761644	0.0009099747600889494	0.03233288629328298
RPS6KL1	145.69571303032157	-1.2276144122732524	0.32777430795612733	-3.7453039560305283	0.0001801754986408789	0.009565445453220663
BOC	144.23284683908892	-1.2156303427194945	0.3080162440829609	-3.9466436140039334	7.925439096681155e-05	0.00507196776341362
TMCC2	144.00966485970596	-1.3942957341076447	0.3832975897303399	-3.637632407468487	0.00027515574830904664	0.013418815424312572
RASGRF1	142.6866462306987	1.4746267545601115	0.3127189520388507	4.715501714705512	2.4111586278653037e-06	0.000287051980468876
MEX3A	140.81816013035893	-0.9594953020836877	0.2969532576612114	-3.231132433570938	0.0012330079637460224	0.04099308406778614
PROB1	140.80715109118003	1.1842705158158928	0.3241146917649637	3.6538624934493344	0.0002583246499051233	0.012829860142987273
SENP6	135.75941992078808	1.36710668167872	0.38493699650570223	3.5515076339472307	0.000383030881027583	0.01717909416819279
PLSCR4	135.0017954068188	1.2749357870894507	0.37623033194762756	3.38871079450055	0.000702220312943399	0.02707059306396803
FCMR	136.67485738122755	1.194422665106126	0.3405296043923403	3.507544277207614	0.0004522630841218156	0.0193719354365511
PDE9A	132.88424655633796	1.134810076597561	0.3200894823525252	3.545290111556233	0.0003921811823883844	0.017396727463151594
TMEM154	126.36493863992992	1.8295412167431941	0.41198482319664403	4.440797606444686	8.962606035234664e-06	0.0008536091430381437
ACOT1	133.83941501837413	1.3036091010341244	0.3619763093176407	3.601365800683338	0.0003165498111737199	0.014853881203973409
CYTH4	130.8607075977124	-2.1646134062710978	0.3314160831060394	-6.531407244887723	6.515456844358264e-11	2.7049169683847345e-08
ZNF488	130.86489079153475	-1.4374436293923445	0.3384077200586827	-4.2476679584705685	2.1600721617731254e-05	0.0017574737875009384
APLN	130.32639671847264	-2.202254480241383	0.41958125681182507	-5.24869603798593	1.531795776635872e-07	2.8183301613081144e-05
UCN2	129.19771839594193	-1.471897728340224	0.3849734910755632	-3.8233742386467786	0.00013163774748378894	0.007557967267766052
PKIA	125.86871766463065	-1.9952337920107395	0.36971341425499743	-5.396703811873577	6.787629966216135e-08	1.3567718121358698e-05
IGFL2-AS1	126.43520105047826	2.5016138933626495	0.41681902852097136	6.001678719513609	1.952878283965047e-09	6.199814175623152e-07
CTSO	119.57265971932661	1.334266386565125	0.3820016153185401	3.4928291741712107	0.0004779321412009902	0.020047148440894388
ASNS	122.16582549425674	2.5126646623779667	0.3465992649826643	7.24948064302341	4.1837274497388943e-13	2.4192403978115157e-10
AC008969.1	118.77959045652602	1.1761939771968182	0.32607279379526805	3.607151530511673	0.0003095768854391576	0.014595568871586617
ERV3-1	114.78108980747204	1.5989330685228997	0.32748224344377846	4.882503099125744	1.0474759253469226e-06	0.00014737551612496364
P2RX5	116.06391757622892	-1.1301777129416306	0.32334958822180077	-3.4952192738417476	0.00047367243997357354	0.019971584085727613
PDGFRL	116.14504980422033	-1.8032874462600752	0.33981889853705355	-5.3066131813838675	1.1168082675532073e-07	2.1273226658769384e-05
AC010247.2	116.23167720186429	-1.4528403754142487	0.3136946270795496	-4.631384314548122	3.6322893216920014e-06	0.000386910502681021
IGSF3	114.43532339562772	-1.099331643498922	0.3171545144074194	-3.4662336292231086	0.0005278044328523924	0.021364203930782713
RASSF2	113.31988942672905	-1.472027552531216	0.311751578142603	-4.721796634684151	2.3377036806680853e-06	0.0002824608977141565
ALPK2	109.76791663117994	2.8601937117088445	0.40628877382400214	7.039804926896245	1.925091537392343e-12	9.74036158809982e-10
MAP1LC3B2	111.94466817699725	1.5056591023622934	0.31265814371276157	4.8156721091056545	1.4670525297508017e-06	0.00019469711073110844
SLCO4A1-AS1	111.41210230736131	-1.4185468330952382	0.31922390767806136	-4.443736195742108	8.84099983331016e-06	0.0008475199366141809
P2RY6	111.14954799155866	-2.6561801138477943	0.3604503246107578	-7.3690601242103	1.718351569598627e-13	1.1128732105348548e-10
KRT15	109.64276091421537	-1.322398832744209	0.3623904561583009	-3.6490995010270177	0.000263161167606961	0.012990373368061907
S1PR3	108.08206811822821	-1.9464857269299716	0.3235964064998364	-6.015164840623641	1.7970374149448233e-09	5.819166557074328e-07
SEMA4G	108.6676132620887	-1.0081370396226974	0.3128901993120444	-3.2220153965809764	0.0012729229466150718	0.04197534710518254
IQCD	107.75782074286467	-1.0393652547909258	0.3226496919318205	-3.221342777573627	0.001275914461209671	0.04198847772651582
BIK	106.36474431682423	-1.5084114802827566	0.3202291987085297	-4.710412062254515	2.472164512662656e-06	0.0002879627023346839
SLC22A15	102.94322211629351	1.9191492332631144	0.40800069645143205	4.703789111035421	2.553770365043227e-06	0.00029453255360273106
SEMA5A	103.97092605384164	1.5191593833170252	0.3878946153552018	3.916422974641977	8.987251197618224e-05	0.005618246491916474
TGFB2-AS1	104.8525891083673	1.2008303122688864	0.32698329870892495	3.6724515197268386	0.0002402347364463644	0.012117260491598399
RASL11A	104.27922674148179	-1.6561201717537504	0.3266264665826182	-5.070379596243909	3.97023025678017e-07	6.428199808752774e-05
PRKACB	100.77173393303802	1.4836814678652486	0.39759378991624067	3.7316515134147576	0.000190228540535125	0.009967606148233686
CCL5	100.16261571738171	-1.1462357694334675	0.3279419586126577	-3.495239749992839	0.00047363610029915667	0.019971584085727613
TNFRSF11A	99.4589253677574	-1.5930183773966549	0.32750184724208864	-4.864150815671886	1.1494924312690707e-06	0.00015907206798869677
CYP51A1	97.59542718818942	1.7119114205872306	0.3887551839170433	4.403571942985425	1.0648294948108414e-05	0.0009908422040507089
ZNF460	97.26568712589551	1.3235168691814245	0.3550547542316651	3.72764159163423	0.0001932799774751629	0.010094826178388265
TLR8-AS1	97.68761126809987	2.193507284214139	0.3716778558185117	5.901635650000136	3.599153195715938e-09	1.0406051677113705e-06
NBR2	98.1262859971742	1.3513288738743032	0.3453246883490914	3.9132124619721202	9.107633437862953e-05	0.005671603576632272
NES	97.13740062613535	-1.1938563632294654	0.3356340232576905	-3.557018301189494	0.0003750880343353392	0.01691657482987041
FGFR3	96.847892842723	-1.2717258210899747	0.37251644526486744	-3.4138783327693076	0.0006404516923594276	0.025107877363175525
CMKLR1	94.86499293776374	-1.2809541349714977	0.32406671873594994	-3.9527481870645937	7.725872878612254e-05	0.004987182693313502
LINP1	94.33830795517456	-1.0553929862286344	0.3198631929676538	-3.2995136965801537	0.0009685250120806794	0.033988989658009165
DAAM2	94.69712139500037	-1.1990045564559533	0.35412469787676193	-3.3858258507380805	0.0007096440280524221	0.027227124308523143
FBLN1	92.20845655544109	-1.2264458900460666	0.3333091519750709	-3.679604603649755	0.00023359585807032065	0.011819220431301757
ISM1	90.67277358788044	-1.397636537645129	0.3433822762240487	-4.070205815553522	4.697162187771358e-05	0.00335029748820291
PRSS2	92.64924185899913	3.910143657631588	0.4223620106284606	9.257801504954067	2.0868465626129674e-20	3.071648426842414e-17
LINC01615	91.22656606990095	1.0765485519873195	0.33654822962033143	3.198794280397199	0.0013800360633238237	0.04468832780255206
CYFIP2	90.15828740749049	-1.3503055439945892	0.3474956807233846	-3.8858196487036825	0.00010198520184539387	0.006130649692869301
SHISAL1	89.89661256363257	-1.7291398464647287	0.363182829573342	-4.761072676525149	1.925666808758573e-06	0.00024201699074801022
HSPA12A	86.43136822819854	-1.2926358364103725	0.3419535223555569	-3.78015066932492	0.00015673348315336366	0.00863153682223167
ENTPD3	85.42640395563194	-1.6712388757048167	0.36857058172206575	-4.534379461041945	5.7773083647837376e-06	0.0005846274983388344
CHRDL1	84.66374057078339	-1.7558019032234715	0.3553214517664914	-4.941446384659438	7.754514174020329e-07	0.00011210119552818139
CCL26	80.97116088680137	-1.7864916721034116	0.374448622609135	-4.770992772400249	1.8332011921265488e-06	0.00023443131853323015
ALDH3A1	79.55392020774359	-1.69044260395038	0.3621237750847002	-4.668134820904781	3.0394643214823085e-06	0.0003393928746835866
CCL3L3	78.8624238131343	-2.6615649183483177	0.3851245034895494	-6.91092073922152	4.815180538120414e-12	2.293017296844342e-09
TFF1	79.32627269144884	-1.3553937205094453	0.38468492941925514	-3.523386586928773	0.0004260694006636256	0.018494610364999362
AC005261.1	75.51881840958731	1.6226904499525467	0.48617089611287534	3.337695577679753	0.0008447624681555805	0.030667150497549336
NEURL1	79.76116737128659	1.5804461657256819	0.39149363208013915	4.036965192328244	5.414709887884366e-05	0.0037618552886776813
ALDH1A3	77.60475850551002	-1.1132267393254442	0.3389058882847416	-3.284766590983909	0.0010206688775722802	0.03539595568549306
KRTAP2-3	77.5090980309552	-1.5926166096481325	0.3660472276128752	-4.350850080286509	1.3561075286124138e-05	0.001247541874759295
ZBTB32	75.18744530592814	-2.0136183292419685	0.35959692631807216	-5.599653895430892	2.147801868059592e-08	4.829869450799008e-06
PPP2R2C	74.9208302218521	-2.104386527548448	0.35598162073255235	-5.91150330519301	3.3899946147914584e-09	1.0164333853349723e-06
LAMP3	73.74330674281977	2.4789017173487617	0.40164990918742527	6.171797031807645	6.751814164071526e-10	2.3764918071843932e-07
SUN3	74.12254195280288	1.9872553190328377	0.3933488126144187	5.052145208789153	4.3687535623540117e-07	6.934753816477824e-05
MIR503HG	73.54883469066043	1.2692793710296193	0.35086459792473845	3.6175760636354757	0.00029737495264772025	0.01424496407786757
CCL20	71.01627462021723	-2.3106264685719142	0.39127612149468394	-5.9053602855836616	3.5187688911088497e-09	1.0358615839262434e-06
SERPINB2	70.8696749143215	-3.1229849394491778	0.4206842327747353	-7.423584475345549	1.139924060725277e-13	8.024569768349113e-11
	68.45180000026987	1.6085331256868096	0.3889440957159054	4.135640940187257	3.5396528584341836e-05	0.002690634715066097
SLITRK5	68.36213872943763	-1.6490327499694613	0.3583460678589991	-4.601788321054824	4.188788001804193e-06	0.00043197876775294067
LINC01929	67.57261039535551	-1.270553814297919	0.39318257472058865	-3.23146013070601	0.0012315950406569804	0.04099308406778614
CYP1A1	67.6899694828427	-1.3539116836372724	0.375294908608355	-3.6075940615814974	0.00030904951382206496	0.014595568871586617
CPM	65.79023826289036	-1.4702204632332527	0.3734286127730805	-3.937085731903073	8.247714691734697e-05	0.005257431046215609
CYB5R2	65.13788013190725	-1.5915345062069943	0.37234591813710494	-4.274343906251607	1.91700950028423e-05	0.0016082021149793767
RIMKLA	63.70496710743555	-1.5414820249820935	0.4018157031517888	-3.8362911476353814	0.00012490632195153128	0.007197004479420794
LY6K	62.67789154947886	-1.603597358120026	0.38933571060601857	-4.118803681337	3.808444286182489e-05	0.0028547463628509576
ABCG2	59.79225626397412	-1.513442923897146	0.39664055610104765	-3.815653494373337	0.00013582299295185633	0.007696681833935992
TERT	58.986021287018424	-1.5748925997851013	0.38478043151543645	-4.092964378626205	4.2589316775715165e-05	0.0031061424680883074
PLEKHS1	59.49289471445301	1.3815837256469639	0.377642914087154	3.6584394254730177	0.00025375569856813643	0.012662557899667824
AC092807.3	57.8650640413804	1.5220767909000146	0.40081971840929803	3.797409960120131	0.00014621586116801425	0.008220072945039302
TBC1D30	58.57487522797891	-1.5209508592111856	0.405036819846565	-3.7550928327635704	0.00017327724144226332	0.00927428975423978
TBXA2R	57.25465576291102	-1.4038462994767522	0.3918478235312459	-3.582631356289286	0.0003401504755249054	0.015645955537567455
PXYLP1	55.77600898788177	-1.258956120752045	0.3948326986079027	-3.1885812020910635	0.001429728478045338	0.04583907680798429
WNT10B	55.78513460842768	-1.5407266228707428	0.44078925566957594	-3.4953815299565765	0.0004733845502416784	0.019971584085727613
SLC16A2	55.420012048497426	-1.3826306276388474	0.4139578857240793	-3.3400272716641273	0.0008377016321848265	0.03054780884392911
LHX6	54.0539762166288	-1.5260841937958232	0.4064480547657575	-3.75468445697281	0.00017355998984217486	0.00927428975423978
BCL2A1	51.626775216974806	-4.561742700809402	0.6140324612384634	-7.429155604589153	1.092931153998069e-13	8.024569768349113e-11
HDAC2-AS2	50.3817547186896	1.534519578253409	0.43240839327888775	3.548773802972181	0.00038702939143019636	0.017290156625531457
RNF122	50.96488012499674	-1.3747544740008384	0.4084560229972506	-3.3657343669775983	0.0007634018472671956	0.028811746641266116
SYTL3	49.93986649237209	-2.114048517251943	0.45203308139578896	-4.676756202719009	2.914484091452203e-06	0.0003276973050326571
MTSS1	48.85518834704937	-1.4658876099242117	0.3981195684563572	-3.6820285312976413	0.0002313855079772479	0.011744083886080316
CA2	48.373059257289334	-1.645782255922826	0.41649957888351347	-3.9514619926737504	7.767520971268746e-05	0.004990632224040169
TNFSF18	46.67018929912971	1.8809654535277631	0.485697284410356	3.872711489032277	0.00010763120979448364	0.006383358673195914
SLC1A1	46.89957816747708	-1.4176771429907402	0.41556585795256157	-3.4114379607012215	0.0006462120483083032	0.025152106297187313
RCN1P2	45.463778332874305	1.4518719311829087	0.42009391043551086	3.4560651680900465	0.0005481227851655502	0.022076258742824435
KCNMB4	45.32713530459525	-1.5856583419250874	0.43240383187198767	-3.667077451789369	0.0002453385008727722	0.012336259837363524
AC002066.1	43.9407893007542	1.5558738028126953	0.44685057600868294	3.4818659443385442	0.0004979329008274709	0.02051407531118977
SALL2	42.87889248214126	-1.7521899678386803	0.47350175527174776	-3.7004930780733423	0.0002151809491826145	0.011060300787986385
CACNG7	42.5980895298625	-2.1291353600365692	0.4520047119215212	-4.7104273559126915	2.4719789986290842e-06	0.0002879627023346839
MAPT	41.6552600638985	-1.5638626110434903	0.4275164742670052	-3.6580171880505845	0.0002541740051505184	0.012662557899667824
NFATC4	40.54635730791714	-2.1552587645601826	0.4646340414789387	-4.638615710764442	3.507505425782582e-06	0.00038114107616675025
MOB3B	40.797699491524966	-1.8070783119474958	0.4702115809813422	-3.8431174072235366	0.00012148131664907752	0.00707519423692523
VLDLR-AS1	36.43805626070457	2.9738002265243533	0.6313104196132332	4.710519792063983	2.4708580207192454e-06	0.0002879627023346839
GBP5	34.22593934304816	-1.777293242280683	0.4995277167711282	-3.5579472021469365	0.000373764415637702	0.01690396551282132
ADGRD1	33.95231306147746	-1.616963646872287	0.4691932062463886	-3.44626398111819	0.0005683948259221383	0.022778764853602793
LEFTY1	31.95677427030928	-2.3008419805096922	0.5321508380804775	-4.323665051076617	1.5345823144018635e-05	0.0013651880358505808
NR4A3	30.751922571845057	1.937988889843048	0.5913482571805083	3.277237848105265	0.001048280237668794	0.03603546778788841
MMP8	30.740475878100312	2.449372086345356	0.5682111567574781	4.310672286554184	1.6275896288745783e-05	0.0014244488476274756
RAB3A	32.06676745652029	-2.4033553289287215	0.5194785111651045	-4.6264768941806516	3.719383396404624e-06	0.0003935982782430541
TAGLN3	28.299660446183125	-2.4160796806932607	0.5616393855998114	-4.301834491384488	1.6938982229024e-05	0.001466625996096939
C4B	26.3102002491285	2.7241228693761466	0.5611813532753643	4.85426476392464	1.2083420856932721e-06	0.0001657988704191506
SLC16A1	23.910853326394143	2.577669954586953	0.6505107533556106	3.9625324274660136	7.415893068402504e-05	0.004841561478649393
ERC2	24.09503291263113	-1.7912284517485169	0.5547910791512541	-3.22865402682542	0.0012437426168202665	0.0411808521655152
NCLP1	23.99389836842464	4.534232521061718	0.7662925794947681	5.917103522066241	3.2766047766422694e-09	1.0009718478983958e-06
AL031985.3	22.61357500511187	3.3868232970096637	0.6902640429882693	4.906561961923346	9.268671692295035e-07	0.00013280448085836185
KLHDC7B	23.90730413626916	3.9168210107156556	0.7075202265301638	5.5359845045344	3.094849294297758e-08	6.68116065653e-06
VNN2	22.14467312310946	-1.9476811904573985	0.579021248701571	-3.3637473492121157	0.0007689189894606172	0.028952482228736868
STEAP4	21.32859362622116	2.1448401614174664	0.6005060684550447	3.5717210434452653	0.0003546430458083241	0.01612928526596229
LINC01881	21.066129247968245	1.9121610540387568	0.605333154147682	3.158857301862324	0.0015838902274524548	0.049222200907260455
AL162718.1	21.19522658841376	1.9239599616890817	0.6049246324546985	3.1804953187009835	0.00147023514647015	0.046695914903981034
ANGPT4	21.05549343025687	2.3424185886282065	0.5904349156613032	3.967276538862262	7.269862163113599e-05	0.004784810499307816
SH2D2A	20.76939011933587	-2.9872202543367967	0.6330007478184597	-4.7191417460908145	2.368417523507525e-06	0.0002840522083193358
MPZL2	19.7075496327129	-2.1697119427116145	0.5963764541240478	-3.6381582936544117	0.0002745946435696975	0.013418815424312572
NDRG2	19.472040745395084	-1.8890985096921131	0.5905162636454152	-3.1990626270480704	0.001378752144904191	0.04468832780255206
TESC	19.33512427934518	-2.141864159283038	0.6195060892649883	-3.4573738602379973	0.0005454675370937303	0.022024101977767052
PTGER2	19.09030970591227	-3.0741729740639383	0.7198750648348242	-4.270425695004881	1.9510021542566438e-05	0.00162828226183347
CCT6B	18.129856343129628	2.0917240181889447	0.6228863159462187	3.3581152204498714	0.0007847589431839865	0.029209269078372242
KCNN3	17.8369495662372	-5.719640174791532	1.1718341314455192	-4.880929835808806	1.0558680668578704e-06	0.00014737551612496364
RBM20	17.64992338833034	2.5015569220595886	0.6641130384017342	3.7667637546762793	0.00016537735683770156	0.008925415948530753
NPR3	17.317509168408467	-1.9959790570932945	0.6208017442802547	-3.2151634164742777	0.001303702820420527	0.04281592771892242
MYPN	16.807356313112315	-2.5861137588787586	0.6985573427651206	-3.702077983522536	0.0002138408646214608	0.011026424965242266
CHST4	16.658690039832106	-2.3446084890481034	0.7068932301507677	-3.3167788133266467	0.0009106167716470284	0.03233288629328298
SIRPB1	16.847070438738438	-2.8883209331217783	0.7072455849453071	-4.08390097386771	4.4285909043785695e-05	0.003201040863071135
TNS1	16.73148261517051	-2.0972538421137368	0.6427254870851395	-3.2630631338817917	0.001102149640490489	0.03741070194796962
CYP3A5	16.300248814735394	-2.894255501066684	0.736111160686302	-3.931818529104041	8.430569695665257e-05	0.005352915840882988
NCMAP	15.802204947813822	-2.455496043031739	0.6978869574597858	-3.518472464322034	0.00043403885683392313	0.01869022109307992
LINC02615	15.61379619368295	2.4176311523204883	0.6945692527258838	3.4807632829013557	0.0004999871604788556	0.02054642668861206
AC006504.1	14.813524359264639	2.857896485687109	0.8177919196190775	3.49464994349455	0.0004746838907172061	0.019971584085727613
AL162274.1	15.362431867129857	-2.7326486300525588	0.7219632372221747	-3.7850246233682148	0.00015369336015769213	0.008551371801763552
	15.88589093935652	3.0901331804308576	0.7818018154451687	3.9525786706843262	7.731349861167865e-05	0.004987182693313502
AZGP1	14.776027309030384	-2.3219687136001688	0.7304611574171564	-3.178770958623504	0.0014790091009867453	0.046770774129055455
RAPGEF5	14.322218791265692	-4.082637070294975	0.9604179508964489	-4.250896254577775	2.1291678168745952e-05	0.0017499165544678462
ACVRL1	13.822487821084868	-2.7575966564769603	0.7665343325834368	-3.597486165013747	0.00032130758069788974	0.014992193196194619
TREML2	13.845656289524955	3.2355531225637804	0.8392092165032046	3.8554785373373286	0.000115503464489437	0.006784484906409643
AC126696.2	13.956657598844117	2.7355985508949145	0.7628538794982203	3.586005950044194	0.00033578129970272623	0.015577750783629916
CCR7	13.220130013572279	-2.486316366646357	0.7370813921541147	-3.3731910656163984	0.0007430237392430495	0.028240134652779844
ERICH2	12.576098631897537	3.310399891241041	0.8431978785275281	3.926005953693781	8.63680184634919e-05	0.00542361553194343
EDARADD	12.693625497399845	-4.1830997298247174	1.0003661754984052	-4.18156854187978	2.8950494868993222e-05	0.0022535454924224483
TMEM74	12.292603148222641	-2.389891031210694	0.7502667168980394	-3.185388578999804	0.0014455975861608127	0.04619082277558861
SLCO4C1	11.409870422919985	4.480783470685676	1.1595072503873738	3.8643859011564734	0.00011136903298229262	0.006580934354074087
KCNJ8	12.11665613961899	-3.3975442926582518	0.9191817001426971	-3.696270598218834	0.00021878977273337346	0.011174842934782492
TPPP3	11.926043191910262	2.641727081744094	0.8330724415969359	3.1710652637603833	0.0015188101604940718	0.047564903885028084
VSTM4	11.505907416130862	-2.9660063494811286	0.8666105455444155	-3.4225366454753288	0.000620397345212396	0.02444003264314818
MAGEA3	10.51980381507239	-5.860383548923239	1.5492519652986587	-3.782718163467682	0.0001551250269517792	0.008572113690703948
AL451069.3	10.103984849728393	-3.1923605676924636	0.8984562377403326	-3.5531620056658832	0.0003806299772848959	0.017118833228388194
